id,name,role,rating_url,num_ratings,overall_rating,would_take_again,level_of_difficulty,tough_grader,get_ready_to_read,participation_matters,extra_credit,group_projects,amazing_lectures,clear_grading_criteria,gives_good_feedback,inspirational,lots_of_homework,hilarious,beware_of_pop_quizzes,so_many_papers,caring,respected,lecture_heavy,test_heavy,graded_by_few_things,accessible_outside_class,online_savvy
1,Aalap Doshi,Adjunct Lecturer,,,,,,0,0,0,0,0,0,0,0,0,0,0,0,0,0,0,0,0,0,0,0
2,Abigail Jacobs,Assistant Professor,https://www.ratemyprofessors.com/professor/2699062,3,1.0,0.0,3.7,1,0,1,0,1,0,0,0,0,0,0,0,0,0,0,0,0,0,0,0
3,Alain Cohn,Associate Professor,https://www.ratemyprofessors.com/professor/2833869,2,3.0,50.0,3.0,0,0,1,0,0,0,1,0,0,0,0,0,0,0,1,1,0,0,0,0
4,Alex McLeod,Lecturer III,https://www.ratemyprofessors.com/professor/3150861,0,,,,0,0,0,0,0,0,0,0,0,0,0,0,0,0,0,0,0,0,0,0
5,Alexander Levin-Koopman,Lecturer I,,,,,,0,0,0,0,0,0,0,0,0,0,0,0,0,0,0,0,0,0,0,0
6,Alexis Castellanos,Adjunct Lecturer,,,,,,0,0,0,0,0,0,0,0,0,0,0,0,0,0,0,0,0,0,0,0
7,Alissa Talley-Pixley,Adjunct Lecturer,,,,,,0,0,0,0,0,0,0,0,0,0,0,0,0,0,0,0,0,0,0,0
8,Amanda Hardy,Lecturer I,,,,,,0,0,0,0,0,0,0,0,0,0,0,0,0,0,0,0,0,0,0,0
9,Andrea Forte,Professor,,,,,,0,0,0,0,0,0,0,0,0,0,0,0,0,0,0,0,0,0,0,0
10,Andrew Krumm,Assistant Professor,,,,,,0,0,0,0,0,0,0,0,0,0,0,0,0,0,0,0,0,0,0,0
11,Angie Zill,Adjunct Lecturer,,,,,,0,0,0,0,0,0,0,0,0,0,0,0,0,0,0,0,0,0,0,0
12,Anhong Guo,Assistant Professor,https://www.ratemyprofessors.com/professor/2813852,1,4.0,100.0,2.0,0,0,1,0,0,1,0,0,0,0,0,0,0,1,0,0,0,0,0,0
13,Anna Vento,Lecturer I,,,,,,0,0,0,0,0,0,0,0,0,0,0,0,0,0,0,0,0,0,0,0
14,Anthea Josias,Lecturer IV,,,,,,0,0,0,0,0,0,0,0,0,0,0,0,0,0,0,0,0,0,0,0
15,Anthony Giove,Lecturer I,,,,,,0,0,0,0,0,0,0,0,0,0,0,0,0,0,0,0,0,0,0,0
16,Anthony Whyte,Lecturer IV,https://www.ratemyprofessors.com/professor/2719708,13,2.2,30.7692,3.5,0,0,0,1,0,0,1,0,0,1,0,0,0,0,0,1,1,0,1,0
17,Barbara Ericson,Associate Professor,https://www.ratemyprofessors.com/professor/2454833,17,3.1,58.8235,2.4,0,1,1,1,1,1,1,1,1,1,0,0,0,1,1,1,0,0,1,0
18,Barry Fishman,Professor,https://www.ratemyprofessors.com/professor/1568205,6,5.0,100.0,2.3,0,1,0,0,0,1,1,0,1,0,0,0,0,0,1,0,0,0,0,0
19,Ben Green,Assistant Professor,https://www.ratemyprofessors.com/professor/2973003,1,5.0,100.0,1.0,0,0,0,0,0,0,0,0,1,0,0,0,0,0,1,0,0,0,0,0
20,Benjamin Mullins,Lecturer I,https://www.ratemyprofessors.com/professor/3007825,4,3.8,25.0,4.8,1,1,1,1,0,0,0,1,0,1,0,1,0,0,0,1,1,0,0,0
21,Bobby Madamanchi,Lecturer IV,https://www.ratemyprofessors.com/professor/2974983,4,4.0,75.0,2.5,0,0,0,1,0,0,1,1,0,0,0,0,0,1,0,0,0,1,1,0
22,Bulgan Jugderkhuu,Lecturer I,,,,,,0,0,0,0,0,0,0,0,0,0,0,0,0,0,0,0,0,0,0,0
23,Carolyn Frost,Professor Emerita,,,,,,0,0,0,0,0,0,0,0,0,0,0,0,0,0,0,0,0,0,0,0
24,Ceren Budak,Associate Professor,https://www.ratemyprofessors.com/professor/2224854,2,4.0,100.0,3.5,0,1,0,0,0,0,0,1,0,0,0,0,0,1,1,0,0,0,1,0
25,Charles Friedman,Professor,,,,,,0,0,0,0,0,0,0,0,0,0,0,0,0,0,0,0,0,0,0,0
26,Charles Severance,Clinical Professor,https://www.ratemyprofessors.com/professor/1159280,680,4.9,98.913,2.2,1,1,1,1,1,1,1,1,1,1,1,1,0,1,1,1,1,1,1,1
27,Chelsea Peterson-Salahuddin,Assistant Professor,https://www.ratemyprofessors.com/professor/3152485,1,2.0,0.0,1.0,0,0,0,0,0,0,0,0,0,0,0,0,0,0,0,0,0,0,0,0
28,Chris Teplovs,Lecturer IV,https://www.ratemyprofessors.com/professor/2356323,16,4.4,100.0,2.9,0,1,0,0,1,1,1,1,0,1,0,0,0,1,1,1,0,0,1,0
29,Christian Sandvig,Professor,https://www.ratemyprofessors.com/professor/2645456,3,2.3,33.3333,3.7,1,0,0,0,0,0,1,0,0,1,0,0,0,0,0,1,0,0,0,0
30,Christopher Brooks,Associate Professor,,,,,,0,0,0,0,0,0,0,0,0,0,0,0,0,0,0,0,0,0,0,0
31,Christopher Fariss,Professor,,,,,,0,0,0,0,0,0,0,0,0,0,0,0,0,0,0,0,0,0,0,0
32,Cliff Lampe,Professor,https://www.ratemyprofessors.com/professor/1618117,64,3.7,58.0645,3.1,1,1,1,1,1,1,1,1,1,1,1,1,1,1,1,1,1,0,0,0
33,Coco Krumme,Lecturer II,,,,,,0,0,0,0,0,0,0,0,0,0,0,0,0,0,0,0,0,0,0,0
34,Colleen van Lent,Lecturer IV,https://www.ratemyprofessors.com/professor/2217440,32,3.8,71.875,2.5,0,0,1,1,1,1,1,1,0,1,1,0,0,1,1,0,1,0,1,1
35,Cory Bilyeu,Lecturer I,,,,,,0,0,0,0,0,0,0,0,0,0,0,0,0,0,0,0,0,0,0,0
36,Cory Knobel,Intermittent Lecturer,https://www.ratemyprofessors.com/professor/1280075,1,1.0,,5.0,0,0,0,0,0,0,0,0,0,0,0,0,0,0,0,0,0,0,0,0
37,Dallas Card,Assistant Professor,https://www.ratemyprofessors.com/professor/3156617,0,,,,0,0,0,0,0,0,0,0,0,0,0,0,0,0,0,0,0,0,0,0
38,Daniel Atkins III,Professor Emeritus,,,,,,0,0,0,0,0,0,0,0,0,0,0,0,0,0,0,0,0,0,0,0
39,Daniel Romero,Associate Professor,https://www.ratemyprofessors.com/professor/2036099,16,3.2,60.0,3.3,1,0,1,1,0,0,1,1,1,1,0,1,0,1,0,1,1,0,1,1
40,David Hanauer,Clinical Associate Professor,,,,,,0,0,0,0,0,0,0,0,0,0,0,0,0,0,0,0,0,0,0,0
41,David Hessler,Professor Emeritus,,,,,,0,0,0,0,0,0,0,0,0,0,0,0,0,0,0,0,0,0,0,0
42,David Jurgens,Associate Professor,https://www.ratemyprofessors.com/professor/2300993,25,2.0,40.0,4.0,1,0,1,0,1,1,0,1,1,1,1,0,1,1,1,1,1,1,1,0
43,David Wallace,Clinical Associate Professor,https://www.ratemyprofessors.com/professor/2676814,2,4.0,50.0,4.0,1,0,0,0,0,1,1,0,0,1,0,0,1,0,0,1,0,0,1,0
44,Deepti Wilson,Lecturer II,,,,,,0,0,0,0,0,0,0,0,0,0,0,0,0,0,0,0,0,0,0,0
45,Denise Anthony,Professor,https://www.ratemyprofessors.com/professor/2635381,0,,,,0,0,0,0,0,0,0,0,0,0,0,0,0,0,0,0,0,0,0,0
46,Derek Bruckner,Adjunct Lecturer,,,,,,0,0,0,0,0,0,0,0,0,0,0,0,0,0,0,0,0,0,0,0
47,Douglas Van Houweling,Professor Emeritus,,,,,,0,0,0,0,0,0,0,0,0,0,0,0,0,0,0,0,0,0,0,0
48,Edras Rodriguez-Torres,Adjunct Lecturer,,,,,,0,0,0,0,0,0,0,0,0,0,0,0,0,0,0,0,0,0,0,0
49,Ejike Anusiem,Adjunct Lecturer,,,,,,0,0,0,0,0,0,0,0,0,0,0,0,0,0,0,0,0,0,0,0
50,Elaine Czarnik,Intermittent Lecturer,,,,,,0,0,0,0,0,0,0,0,0,0,0,0,0,0,0,0,0,0,0,0
51,Elena Godin,Lecturer IV,,,,,,0,0,0,0,0,0,0,0,0,0,0,0,0,0,0,0,0,0,0,0
52,Elham Amini,Lecturer I,,,,,,0,0,0,0,0,0,0,0,0,0,0,0,0,0,0,0,0,0,0,0
53,Elizabeth Yakel,Professor Emerita,,,,,,0,0,0,0,0,0,0,0,0,0,0,0,0,0,0,0,0,0,0,0
54,Elle O'Brien,Lecturer IV,https://www.ratemyprofessors.com/professor/2974985,2,5.0,100.0,3.0,0,1,0,0,0,1,0,0,1,0,0,0,0,0,0,0,0,0,0,0
55,Elliot Soloway,Professor,https://www.ratemyprofessors.com/professor/527661,28,3.4,100.0,2.3,0,0,1,0,1,1,0,1,1,0,1,0,0,1,1,0,0,1,0,0
56,Emily Cutlip,Adjunct Lecturer,,,,,,0,0,0,0,0,0,0,0,0,0,0,0,0,0,0,0,0,0,0,0
57,Emily Schemanske,Lecturer I,,,,,,0,0,0,0,0,0,0,0,0,0,0,0,0,0,0,0,0,0,0,0
58,Eric Gilbert,Professor,https://www.ratemyprofessors.com/professor/2707268,0,,,,0,0,0,0,0,0,0,0,0,0,0,0,0,0,0,0,0,0,0,0
59,Erik Lang,Lecturer I,,,,,,0,0,0,0,0,0,0,0,0,0,0,0,0,0,0,0,0,0,0,0
60,Erin Krupka,Professor,https://www.ratemyprofessors.com/professor/1912255,8,4.0,71.4286,3.1,1,1,1,1,0,1,1,0,0,1,1,0,1,1,1,0,0,0,0,0
61,Eytan Adar,Professor,https://www.ratemyprofessors.com/professor/1524517,6,2.4,0.0,3.5,1,0,0,0,0,0,0,0,0,1,0,1,0,0,0,0,0,0,0,0
62,Faith Sparr,Intermittent Lecturer,https://www.ratemyprofessors.com/professor/781649,24,4.2,100.0,3.2,0,1,1,0,0,0,0,1,0,0,0,0,0,0,1,1,1,1,0,0
63,Farnaz Jahanbakhsh,Assistant Professor,https://www.ratemyprofessors.com/professor/3062216,0,,,,0,0,0,0,0,0,0,0,0,0,0,0,0,0,0,0,0,0,0,0
64,Florian Schaub,Associate Professor,,,,,,0,0,0,0,0,0,0,0,0,0,0,0,0,0,0,0,0,0,0,0
65,Francis Blouin Jr,Professor Emeritus,,,,,,0,0,0,0,0,0,0,0,0,0,0,0,0,0,0,0,0,0,0,0
66,Gabriela Marcu,Associate Professor,https://www.ratemyprofessors.com/professor/2478020,25,1.6,16.0,3.3,1,1,1,0,1,0,1,1,0,1,0,0,1,1,0,1,0,0,1,0
67,Gary Olson,Professor Emeritus,,,,,,0,0,0,0,0,0,0,0,0,0,0,0,0,0,0,0,0,0,0,0
68,George Furnas,Professor Emeritus,,,,,,0,0,0,0,0,0,0,0,0,0,0,0,0,0,0,0,0,0,0,0
69,Graham Hukill,Lecturer I,,,,,,0,0,0,0,0,0,0,0,0,0,0,0,0,0,0,0,0,0,0,0
70,Grant Schoenebeck,Associate Professor,https://www.ratemyprofessors.com/professor/1808854,17,2.2,18.1818,3.8,1,1,1,1,0,0,0,0,1,1,1,0,0,1,0,0,1,0,0,0
71,Greg Myers,Lecturer I,,,,,,0,0,0,0,0,0,0,0,0,0,0,0,0,0,0,0,0,0,0,0
72,Gwendolyn S Cruzat,Professor Emerita,,,,,,0,0,0,0,0,0,0,0,0,0,0,0,0,0,0,0,0,0,0,0
73,Hanna Hoover,Lecturer III,,,,,,0,0,0,0,0,0,0,0,0,0,0,0,0,0,0,0,0,0,0,0
74,Hongju Lee,Lecturer I,,,,,,0,0,0,0,0,0,0,0,0,0,0,0,0,0,0,0,0,0,0,0
75,Jackie Wolf,Lecturer III,https://www.ratemyprofessors.com/professor/2896708,4,3.8,50.0,2.0,1,1,1,1,1,0,0,0,1,1,0,0,0,1,0,0,0,0,0,0
76,Jake Huang,Lecturer I,,,,,,0,0,0,0,0,0,0,0,0,0,0,0,0,0,0,0,0,0,0,0
77,James Rampton,Lecturer III,https://www.ratemyprofessors.com/professor/2889882,9,3.0,55.5556,2.3,1,0,0,0,0,1,1,1,0,1,0,0,0,1,1,0,0,0,1,0
78,Janet Szczesny,Intermittent Lecturer,,,,,,0,0,0,0,0,0,0,0,0,0,0,0,0,0,0,0,0,0,0,0
79,Jeffrey MacKie-Mason,Professor Emeritus,,,,,,0,0,0,0,0,0,0,0,0,0,0,0,0,0,0,0,0,0,0,0
80,Jennifer Poulton,Intermittent Lecturer,,,,,,0,0,0,0,0,0,0,0,0,0,0,0,0,0,0,0,0,0,0,0
81,Jeremy Nelson,Adjunct Lecturer,,,,,,0,0,0,0,0,0,0,0,0,0,0,0,0,0,0,0,0,0,0,0
82,Jesse Johnston,Clinical Assistant Professor,,,,,,0,0,0,0,0,0,0,0,0,0,0,0,0,0,0,0,0,0,0,0
83,Jiayu Zhou,Associate Professor,https://www.ratemyprofessors.com/professor/3156616,0,,,,0,0,0,0,0,0,0,0,0,0,0,0,0,0,0,0,0,0,0,0
84,Jinseok Kim,Lecturer III,https://www.ratemyprofessors.com/professor/3156615,1,3.0,100.0,3.0,0,0,0,0,0,0,1,0,0,0,0,0,0,1,0,0,0,0,1,0
85,Joan Durrance,Professor Emerita,https://www.ratemyprofessors.com/professor/222231,6,2.6,,2.7,0,0,0,0,0,0,0,0,0,0,0,0,0,0,0,0,0,0,0,0
86,Joanna Kroll,Adjunct Lecturer,,,,,,0,0,0,0,0,0,0,0,0,0,0,0,0,0,0,0,0,0,0,0
87,John Leslie King,Professor Emeritus,https://www.ratemyprofessors.com/professor/1937364,9,2.5,28.5714,2.8,0,1,0,0,1,0,0,0,1,0,0,0,1,1,0,1,0,0,1,0
88,John Thompson,Intermittent Lecturer,https://www.ratemyprofessors.com/professor/3074489,1,5.0,100.0,2.0,0,0,0,0,0,1,0,0,1,0,0,0,0,0,1,0,0,0,0,0
89,John Weiss,Intermittent Lecturer,,,,,,0,0,0,0,0,0,0,0,0,0,0,0,0,0,0,0,0,0,0,0
90,Jordan Hansen,Adjunct Lecturer,,,,,,0,0,0,0,0,0,0,0,0,0,0,0,0,0,0,0,0,0,0,0
91,Joshua Haskins,Lecturer I,,,,,,0,0,0,0,0,0,0,0,0,0,0,0,0,0,0,0,0,0,0,0
92,Joyojeet Pal,Professor,,,,,,0,0,0,0,0,0,0,0,0,0,0,0,0,0,0,0,0,0,0,0
93,Judith Olson,Professor Emerita,,,,,,0,0,0,0,0,0,0,0,0,0,0,0,0,0,0,0,0,0,0,0
94,Julie Cruz,Intermittent Lecturer,,,,,,0,0,0,0,0,0,0,0,0,0,0,0,0,0,0,0,0,0,0,0
95,Julie Hui,Assistant Professor,,,,,,0,0,0,0,0,0,0,0,0,0,0,0,0,0,0,0,0,0,0,0
96,Justine Zhang,Assistant Professor,,,,,,0,0,0,0,0,0,0,0,0,0,0,0,0,0,0,0,0,0,0,0
97,Karen Markey,Professor Emerita,https://www.ratemyprofessors.com/professor/1052774,2,4.3,100.0,4.0,0,0,0,0,0,1,1,1,0,0,0,0,0,0,0,0,0,0,0,0
98,Karthik Srinivasan,Assistant Professor,,,,,,0,0,0,0,0,0,0,0,0,0,0,0,0,0,0,0,0,0,0,0
99,Kartik Sundaram,Lecturer I,,,,,,0,0,0,0,0,0,0,0,0,0,0,0,0,0,0,0,0,0,0,0
100,Kat Curran,Lecturer I,,,,,,0,0,0,0,0,0,0,0,0,0,0,0,0,0,0,0,0,0,0,0
101,Katie LaPlant,Lecturer I,https://www.ratemyprofessors.com/professor/3080063,7,1.3,0.0,4.1,1,1,1,1,0,0,0,0,0,1,0,0,1,0,0,1,0,1,0,0
102,Kelly Kowatch,Adjunct Lecturer,,,,,,0,0,0,0,0,0,0,0,0,0,0,0,0,0,0,0,0,0,0,0
103,Kentaro Toyama,Professor,https://www.ratemyprofessors.com/professor/2234251,8,4.9,100.0,3.1,0,0,1,0,1,1,1,1,1,0,0,0,0,0,1,0,0,0,1,0
104,Kevyn Collins-Thompson,Associate Professor,,,,,,0,0,0,0,0,0,0,0,0,0,0,0,0,0,0,0,0,0,0,0
105,Ki Hyun Ahn,Intermittent Lecturer,,,,,,0,0,0,0,0,0,0,0,0,0,0,0,0,0,0,0,0,0,0,0
106,Kira Rodarte,Lecturer I,,,,,,0,0,0,0,0,0,0,0,0,0,0,0,0,0,0,0,0,0,0,0
107,Kishonna Gray,Professor,https://www.ratemyprofessors.com/professor/3130265,2,4.5,100.0,1.0,0,0,0,0,0,1,0,0,1,0,1,0,0,1,0,0,0,1,0,0
108,Kris Steinhoff,Lecturer II,https://www.ratemyprofessors.com/professor/2707267,0,,,,0,0,0,0,0,0,0,0,0,0,0,0,0,0,0,0,0,0,0,0
109,Krista Dunger,Adjunct Lecturer,,,,,,0,0,0,0,0,0,0,0,0,0,0,0,0,0,0,0,0,0,0,0
110,Kristin Fontichiaro,Clinical Professor,https://www.ratemyprofessors.com/professor/2867365,0,,,,0,0,0,0,0,0,0,0,0,0,0,0,0,0,0,0,0,0,0,0
111,Krystle Forbes,Adjunct Lecturer,,,,,,0,0,0,0,0,0,0,0,0,0,0,0,0,0,0,0,0,0,0,0
112,Kyle Balog,Lecturer I,,,,,,0,0,0,0,0,0,0,0,0,0,0,0,0,0,0,0,0,0,0,0
113,Laura Murphy,Lecturer I,,,,,,0,0,0,0,0,0,0,0,0,0,0,0,0,0,0,0,0,0,0,0
114,Laura Stagnaro,Lecturer I,,,,,,0,0,0,0,0,0,0,0,0,0,0,0,0,0,0,0,0,0,0,0
115,Laurie Buis,Associate Professor,https://www.ratemyprofessors.com/professor/2833798,4,2.8,25.0,3.0,1,1,0,0,0,1,1,0,0,1,0,0,1,0,0,1,0,0,1,0
116,Libby Hemphill,Associate Professor,https://www.ratemyprofessors.com/professor/3156690,0,,,,0,0,0,0,0,0,0,0,0,0,0,0,0,0,0,0,0,0,0,0
117,Lija Hogan,Lecturer II,https://www.ratemyprofessors.com/professor/1841057,4,4.2,100.0,2.0,0,0,0,0,1,0,1,1,0,0,0,0,0,0,0,0,0,0,0,0
118,Lindsey Forche,Adjunct Lecturer,,,,,,0,0,0,0,0,0,0,0,0,0,0,0,0,0,0,0,0,0,0,0
119,Lionel Robert,Professor,https://www.ratemyprofessors.com/professor/1647700,6,3.8,80.0,2.5,1,0,1,0,0,0,0,1,1,0,1,0,1,1,1,1,0,1,0,0
120,Lisa Carter,Professor,,,,,,0,0,0,0,0,0,0,0,0,0,0,0,0,0,0,0,0,0,0,0
121,Lleyana Chezick,Intermittent Lecturer,,,,,,0,0,0,0,0,0,0,0,0,0,0,0,0,0,0,0,0,0,0,0
122,Lori Donovan,Adjunct Lecturer,,,,,,0,0,0,0,0,0,0,0,0,0,0,0,0,0,0,0,0,0,0,0
123,Maggie Levenstein,Professor,,,,,,0,0,0,0,0,0,0,0,0,0,0,0,0,0,0,0,0,0,0,0
124,Manali Desai,Lecturer I,,,,,,0,0,0,0,0,0,0,0,0,0,0,0,0,0,0,0,0,0,0,0
125,Margaret Hedstrom,Professor Emerita,,,,,,0,0,0,0,0,0,0,0,0,0,0,0,0,0,0,0,0,0,0,0
126,Mark Ackerman,Professor Emeritus,https://www.ratemyprofessors.com/professor/641011,27,2.9,33.3333,3.0,1,0,1,0,0,0,0,0,0,0,1,1,0,1,0,0,0,0,0,0
127,Mark Guzdial,Professor,https://www.ratemyprofessors.com/professor/2556809,13,2.5,30.7692,2.3,1,0,1,1,0,1,1,1,0,0,0,1,0,0,0,0,0,1,1,0
128,Mark Newman,Professor,https://www.ratemyprofessors.com/professor/1772855,16,2.8,33.3333,2.9,1,1,0,1,0,0,1,1,0,1,0,1,1,0,1,1,0,0,0,0
129,Maryam Namakforoosh,Intermittent Lecturer,,,,,,0,0,0,0,0,0,0,0,0,0,0,0,0,0,0,0,0,0,0,0
130,Matthew Bui,Assistant Professor,,,,,,0,0,0,0,0,0,0,0,0,0,0,0,0,0,0,0,0,0,0,0
131,Maurita Holland,Associate Professor Emerita,,,,,,0,0,0,0,0,0,0,0,0,0,0,0,0,0,0,0,0,0,0,0
132,Megan Threats,Assistant Professor,https://www.ratemyprofessors.com/professor/3105960,1,3.0,0.0,3.0,1,1,1,0,1,0,0,0,0,0,0,0,1,0,0,0,0,0,0,0
133,Melissa Chalmers,Lecturer IV,https://www.ratemyprofessors.com/professor/2925967,2,4.0,50.0,2.5,0,0,1,1,1,0,0,0,0,0,0,0,0,0,0,0,0,0,0,0
134,Merve Hickok,Lecturer II,,,,,,0,0,0,0,0,0,0,0,0,0,0,0,0,0,0,0,0,0,0,0
135,Michael Hess,Adjunct Lecturer,https://www.ratemyprofessors.com/professor/2100355,13,2.8,27.2727,3.5,1,0,0,0,1,1,1,1,0,1,1,0,0,0,1,1,1,0,1,0
136,Michael Nebeling,Associate Professor,https://www.ratemyprofessors.com/professor/3024473,6,3.0,50.0,1.7,0,0,0,0,0,0,0,1,1,0,1,0,0,1,0,0,0,0,1,0
137,Michaelanne Thomas,Assistant Professor,,,,,,0,0,0,0,0,0,0,0,0,0,0,0,0,0,0,0,0,0,0,0
138,Michelle Aebersold,Clinical Associate Professor,,,,,,0,0,0,0,0,0,0,0,0,0,0,0,0,0,0,0,0,0,0,0
139,Michelle LeBlanc,Lecturer I,,,,,,0,0,0,0,0,0,0,0,0,0,0,0,0,0,0,0,0,0,0,0
140,Misha Teplitskiy,Assistant Professor,,,,,,0,0,0,0,0,0,0,0,0,0,0,0,0,0,0,0,0,0,0,0
141,Mohamed Abbadi,Lecturer I,,,,,,0,0,0,0,0,0,0,0,0,0,0,0,0,0,0,0,0,0,0,0
142,Morteza Taiebat,Lecturer I,,,,,,0,0,0,0,0,0,0,0,0,0,0,0,0,0,0,0,0,0,0,0
143,Moses Lee,Adjunct Lecturer,https://www.ratemyprofessors.com/professor/1712975,2,4.5,100.0,2.0,0,0,0,0,1,0,0,0,1,0,0,0,0,0,1,0,0,0,0,0
144,Mustafa Naseem,Clinical Associate Professor,https://www.ratemyprofessors.com/professor/2603444,1,5.0,100.0,3.0,0,0,1,0,0,0,0,0,0,0,0,0,0,1,1,0,0,0,0,0
145,Naga Sanka,Lecturer I,,,,,,0,0,0,0,0,0,0,0,0,0,0,0,0,0,0,0,0,0,0,0
146,Naren Doraiswamy,Lecturer I,,,,,,0,0,0,0,0,0,0,0,0,0,0,0,0,0,0,0,0,0,0,0
147,Natalie Fang,Lecturer I,https://www.ratemyprofessors.com/professor/3010272,13,3.9,69.2308,4.0,1,0,1,1,1,1,0,1,1,1,1,0,0,1,1,0,0,0,1,0
148,Nazanin Andalibi,Associate Professor,https://www.ratemyprofessors.com/professor/2530401,6,1.7,16.6667,3.8,1,1,1,0,1,0,0,0,0,1,0,0,1,0,1,1,0,1,0,0
149,Neha Bhomia,Adjunct Lecturer,,,,,,0,0,0,0,0,0,0,0,0,0,0,0,0,0,0,0,0,0,0,0
150,Nick Sheltrown,Lecturer II,,,,,,0,0,0,0,0,0,0,0,0,0,0,0,0,0,0,0,0,0,0,0
151,Nicole Ellison,Professor,https://www.ratemyprofessors.com/professor/2454588,0,,,,0,0,0,0,0,0,0,0,0,0,0,0,0,0,0,0,0,0,0,0
152,Nicole Sunstrum,Adjunct Lecturer,,,,,,0,0,0,0,0,0,0,0,0,0,0,0,0,0,0,0,0,0,0,0
153,Noha Ghannam,Lecturer II,https://www.ratemyprofessors.com/professor/2718047,5,4.2,80.0,3.2,1,1,0,0,0,1,0,1,1,1,1,0,0,1,1,0,0,0,1,0
154,Oleg Nikolsky,Lecturer I,,,,,,0,0,0,0,0,0,0,0,0,0,0,0,0,0,0,0,0,0,0,0
155,Oliver Haimson,Associate Professor,https://www.ratemyprofessors.com/professor/2871422,1,2.0,0.0,3.0,0,0,1,0,1,0,0,0,0,1,0,0,0,0,0,0,0,0,0,0
156,Paramveer Dhillon,Associate Professor,https://www.ratemyprofessors.com/professor/2757514,3,1.7,0.0,4.3,1,0,0,0,0,0,0,0,0,0,0,0,0,0,0,0,0,0,0,0
157,Pat Steffes,Adjunct Lecturer,,,,,,0,0,0,0,0,0,0,0,0,0,0,0,0,0,0,0,0,0,0,0
158,Patricia Garcia,Associate Professor,,,,,,0,0,0,0,0,0,0,0,0,0,0,0,0,0,0,0,0,0,0,0
159,Paul Conway,Associate Professor Emeritus,,,,,,0,0,0,0,0,0,0,0,0,0,0,0,0,0,0,0,0,0,0,0
160,Paul Edwards,Professor Emeritus,https://www.ratemyprofessors.com/professor/328803,9,2.8,0.0,3.3,0,1,0,0,0,0,0,0,0,0,0,0,0,0,1,0,0,0,0,0
161,Paul Green,Adjunct Lecturer,https://www.ratemyprofessors.com/professor/513148,30,2.7,29.4118,3.1,1,1,1,0,1,0,1,1,0,1,0,0,0,1,1,1,1,1,1,0
162,Paul Resnick,Professor,https://www.ratemyprofessors.com/professor/222218,42,2.7,53.8462,3.7,1,1,1,1,1,1,1,1,0,1,1,0,0,0,1,1,1,1,0,0
163,Pedja Klasnja,Professor,,,,,,0,0,0,0,0,0,0,0,0,0,0,0,0,0,0,0,0,0,0,0
164,Priti Shah,Professor,https://www.ratemyprofessors.com/professor/462636,18,4.6,66.6667,1.7,1,1,1,1,0,0,1,0,0,0,0,0,0,1,0,1,0,0,0,0
165,Qiaozhu Mei,Professor,https://www.ratemyprofessors.com/professor/2003578,2,3.5,0.0,3.0,1,0,0,0,1,0,1,0,0,0,0,0,0,0,0,0,0,0,0,0
166,Rachel Wyatt,Lecturer I,,,,,,0,0,0,0,0,0,0,0,0,0,0,0,0,0,0,0,0,0,0,0
167,Ramiro Serrano Vergel,Lecturer III,,,,,,0,0,0,0,0,0,0,0,0,0,0,0,0,0,0,0,0,0,0,0
168,Rebecca Chung,Intermittent Lecturer,,,,,,0,0,0,0,0,0,0,0,0,0,0,0,0,0,0,0,0,0,0,0
169,Rebecca Frank,Assistant Professor,,,,,,0,0,0,0,0,0,0,0,0,0,0,0,0,0,0,0,0,0,0,0
170,Richard Dougherty,Professor Emeritus,,,,,,0,0,0,0,0,0,0,0,0,0,0,0,0,0,0,0,0,0,0,0
171,Ricky Punzalan,Associate Professor,,,,,,0,0,0,0,0,0,0,0,0,0,0,0,0,0,0,0,0,0,0,0
172,Robin Brewer,Associate Professor,,,,,,0,0,0,0,0,0,0,0,0,0,0,0,0,0,0,0,0,0,0,0
173,Ruth Corddry,Lecturer I,,,,,,0,0,0,0,0,0,0,0,0,0,0,0,0,0,0,0,0,0,0,0
174,Ryan Maley,Lecturer I,,,,,,0,0,0,0,0,0,0,0,0,0,0,0,0,0,0,0,0,0,0,0
175,Sabina Tomkins,Assistant Professor,https://www.ratemyprofessors.com/professor/3031026,5,2.2,20.0,3.6,1,0,0,0,0,0,0,0,0,1,1,0,1,0,0,1,1,0,0,0
176,Sarah Stec,Adjunct Lecturer,,,,,,0,0,0,0,0,0,0,0,0,0,0,0,0,0,0,0,0,0,0,0
177,Sarita Schoenebeck,Professor,https://www.ratemyprofessors.com/professor/2217441,7,2.6,14.2857,2.6,1,1,1,0,1,0,0,0,0,1,0,0,0,1,0,0,0,0,1,0
178,Saurabh Budholiya,Lecturer I,,,,,,0,0,0,0,0,0,0,0,0,0,0,0,0,0,0,0,0,0,0,0
179,Scott TenBrink,Lecturer III,https://www.ratemyprofessors.com/professor/2639338,5,2.6,40.0,2.6,0,0,0,0,0,0,0,1,1,1,1,0,1,1,0,0,0,0,1,0
180,Shashank Gupta,Lecturer I,,,,,,0,0,0,0,0,0,0,0,0,0,0,0,0,0,0,0,0,0,0,0
181,Shiv Saxena,Lecturer I,,,,,,0,0,0,0,0,0,0,0,0,0,0,0,0,0,0,0,0,0,0,0
182,Sile O'Modhrain,Professor,https://www.ratemyprofessors.com/professor/2003054,0,,,,0,0,0,0,0,0,0,0,0,0,0,0,0,0,0,0,0,0,0,0
183,Silvia Lindtner,Professor,https://www.ratemyprofessors.com/professor/2231521,0,,,,0,0,0,0,0,0,0,0,0,0,0,0,0,0,0,0,0,0,0,0
184,Sol Bermann,Adjunct Clinical Assistant Professor,,,,,,0,0,0,0,0,0,0,0,0,0,0,0,0,0,0,0,0,0,0,0
185,Sophia Brueckner,Associate Professor,https://www.ratemyprofessors.com/professor/2081225,6,4.0,66.6667,3.0,0,0,0,0,0,0,0,1,1,0,0,0,0,1,1,0,0,0,0,0
186,Spandan Sharma,Lecturer I,,,,,,0,0,0,0,0,0,0,0,0,0,0,0,0,0,0,0,0,0,0,0
187,Stephanie Brenton,Lecturer III,https://www.ratemyprofessors.com/professor/3119899,1,1.0,0.0,5.0,0,0,0,0,0,0,0,0,0,1,0,0,0,0,0,0,0,0,0,0
188,Steve Oney,Associate Professor,https://www.ratemyprofessors.com/professor/2239751,13,4.8,92.3077,3.0,0,1,1,1,0,1,1,1,0,1,0,0,0,1,1,0,0,0,1,0
189,Sun Young Park,Associate Professor,https://www.ratemyprofessors.com/professor/2624020,8,1.9,12.5,4.0,1,0,0,0,1,0,0,1,1,1,0,0,1,0,0,1,0,1,0,0
190,Tanya Rosenblat,Professor,https://www.ratemyprofessors.com/professor/1892118,8,3.3,100.0,3.4,0,0,0,0,1,0,1,1,1,0,0,0,0,1,1,1,0,0,1,0
191,Tawanna Dillahunt,Professor,https://www.ratemyprofessors.com/professor/2428365,0,,,,0,0,0,0,0,0,0,0,0,0,0,0,0,0,0,0,0,0,0,0
192,Thomas Finholt,Professor,,,,,,0,0,0,0,0,0,0,0,0,0,0,0,0,0,0,0,0,0,0,0
193,Thomas Seiple,Lecturer I,,,,,,0,0,0,0,0,0,0,0,0,0,0,0,0,0,0,0,0,0,0,0
194,Tiffany Veinot,Professor,,,,,,0,0,0,0,0,0,0,0,0,0,0,0,0,0,0,0,0,0,0,0
195,Toby Kemp,Lecturer I,,,,,,0,0,0,0,0,0,0,0,0,0,0,0,0,0,0,0,0,0,0,0
196,Tonya McCarley,Lecturer III,https://www.ratemyprofessors.com/professor/2890116,4,2.5,50.0,4.0,1,0,1,0,0,0,0,1,0,1,0,0,1,0,0,1,0,0,1,0
197,Trevor Harkness,Adjunct Lecturer,,,,,,0,0,0,0,0,0,0,0,0,0,0,0,0,0,0,0,0,0,0,0
198,VG Vinod Vydiswaran,Associate Professor,,,,,,0,0,0,0,0,0,0,0,0,0,0,0,0,0,0,0,0,0,0,0
199,Vadim Besprozvany,Lecturer IV,https://www.ratemyprofessors.com/professor/2309865,51,3.2,56.8627,3.9,1,1,1,0,1,1,1,1,1,1,1,1,0,1,1,1,0,1,1,0
200,Venkatesh Potluri,Assistant Professor,,,,,,0,0,0,0,0,0,0,0,0,0,0,0,0,0,0,0,0,0,0,0
201,Vikram Venugopal,Lecturer I,,,,,,0,0,0,0,0,0,0,0,0,0,0,0,0,0,0,0,0,0,0,0
202,Vitaliy Popov,Assistant Professor,,,,,,0,0,0,0,0,0,0,0,0,0,0,0,0,0,0,0,0,0,0,0
203,William Thompson,Lecturer I,,,,,,0,0,0,0,0,0,0,0,0,0,0,0,0,0,0,0,0,0,0,0
204,Winston Featherly-Bean,Lecturer II,,,,,,0,0,0,0,0,0,0,0,0,0,0,0,0,0,0,0,0,0,0,0
205,X Jessie Yang,Associate Professor,https://www.ratemyprofessors.com/professor/2330198,0,,,,0,0,0,0,0,0,0,0,0,0,0,0,0,0,0,0,0,0,0,0
206,Yan Chen,Professor,,,,,,0,0,0,0,0,0,0,0,0,0,0,0,0,0,0,0,0,0,0,0
207,Yesim Orhun,Professor,https://www.ratemyprofessors.com/professor/2666215,4,2.5,50.0,1.5,0,0,1,0,1,0,1,0,0,0,0,0,0,0,1,1,0,0,0,0
208,Yousif Hassan,Assistant Professor,,,,,,0,0,0,0,0,0,0,0,0,0,0,0,0,0,0,0,0,0,0,0
209,Zafar Razzacki,Lecturer I,,,,,,0,0,0,0,0,0,0,0,0,0,0,0,0,0,0,0,0,0,0,0
